-- phpMyAdmin SQL Dump
-- version 5.2.1
-- https://www.phpmyadmin.net/
--
-- Host: 127.0.0.1
-- Generation Time: Dec 05, 2025 at 09:03 AM
-- Server version: 10.4.32-MariaDB
-- PHP Version: 8.0.30

SET SQL_MODE = "NO_AUTO_VALUE_ON_ZERO";
START TRANSACTION;
SET time_zone = "+00:00";


/*!40101 SET @OLD_CHARACTER_SET_CLIENT=@@CHARACTER_SET_CLIENT */;
/*!40101 SET @OLD_CHARACTER_SET_RESULTS=@@CHARACTER_SET_RESULTS */;
/*!40101 SET @OLD_COLLATION_CONNECTION=@@COLLATION_CONNECTION */;
/*!40101 SET NAMES utf8mb4 */;

--
-- Database: `quanlydiem`
--

-- --------------------------------------------------------

--
-- Table structure for table `bao_cao`
--

CREATE TABLE `bao_cao` (
  `id` int(11) NOT NULL,
  `ten_bao_cao` varchar(255) NOT NULL COMMENT 'Tên báo cáo (ví dụ: Báo cáo ngày 2024-01-15)',
  `ngay_bao_cao` date NOT NULL COMMENT 'Ngày của báo cáo',
  `duong_dan_file` varchar(500) DEFAULT NULL COMMENT 'Đường dẫn file Excel đã xuất (nếu có)',
  `loai_bao_cao` enum('tu_dong','thu_cong') NOT NULL DEFAULT 'thu_cong' COMMENT 'Loại báo cáo: tự động (23h59) hoặc thủ công',
  `created_at` timestamp NOT NULL DEFAULT current_timestamp(),
  `updated_at` timestamp NOT NULL DEFAULT current_timestamp() ON UPDATE current_timestamp()
) ENGINE=InnoDB DEFAULT CHARSET=utf8mb4 COLLATE=utf8mb4_unicode_ci;

--
-- Dumping data for table `bao_cao`
--

INSERT INTO `bao_cao` (`id`, `ten_bao_cao`, `ngay_bao_cao`, `duong_dan_file`, `loai_bao_cao`, `created_at`, `updated_at`) VALUES
(1, 'Báo cáo ngày 2025-12-05', '2025-12-05', 'reports/BaoCao_2025_12_04_1764919939336.xlsx', 'thu_cong', '2025-12-05 07:28:35', '2025-12-05 07:32:19');

-- --------------------------------------------------------

--
-- Table structure for table `giao_dich`
--

CREATE TABLE `giao_dich` (
  `id` int(11) NOT NULL,
  `id_nguoi_gui` int(11) NOT NULL,
  `id_nguoi_nhan` int(11) NOT NULL,
  `id_loai_giao_dich` int(11) NOT NULL,
  `so_diem_giao_dich` decimal(10,2) NOT NULL COMMENT 'Số điểm trong giao dịch',
  `id_giao_dich_doi_chung` int(11) DEFAULT NULL COMMENT 'ID của giao dịch đối chứng (nếu có)',
  `created_at` timestamp NOT NULL DEFAULT current_timestamp(),
  `updated_at` timestamp NOT NULL DEFAULT current_timestamp() ON UPDATE current_timestamp(),
  `noi_dung_giao_dich` text DEFAULT NULL COMMENT 'Nội dung giao dịch (có thể NULL)'
) ENGINE=InnoDB DEFAULT CHARSET=utf8mb4 COLLATE=utf8mb4_unicode_ci;

--
-- Dumping data for table `giao_dich`
--

INSERT INTO `giao_dich` (`id`, `id_nguoi_gui`, `id_nguoi_nhan`, `id_loai_giao_dich`, `so_diem_giao_dich`, `id_giao_dich_doi_chung`, `created_at`, `updated_at`, `noi_dung_giao_dich`) VALUES
(6, 493, 492, 2, 2.00, NULL, '2025-12-05 04:45:48', '2025-12-05 04:45:48', '5'),
(7, 493, 492, 2, 10.00, NULL, '2025-12-05 04:46:49', '2025-12-05 04:46:49', NULL),
(8, 492, 493, 2, 0.50, NULL, '2025-12-05 05:00:41', '2025-12-05 05:00:41', 'Tiên 13h30 6 phạm ngũ lão sedan ki10 thu 200k'),
(9, 494, 495, 2, 0.50, NULL, '2025-12-05 05:50:05', '2025-12-05 05:50:05', 'Tiên 13h30 6 phạm ngũ lão sedan ki10 thu 200k'),
(10, 496, 497, 2, 0.50, NULL, '2025-12-05 05:50:05', '2025-12-05 05:50:05', 'Oke 12:30  housinco  n.xiển>> sân bay t1 sedan b lx ko vội ck220k'),
(11, 494, 495, 2, 0.50, NULL, '2025-12-05 06:10:47', '2025-12-05 06:10:47', 'Tiên 13h30 6 phạm ngũ lão sedan ki10 thu 200k'),
(12, 496, 497, 2, 0.50, NULL, '2025-12-05 06:10:47', '2025-12-05 06:10:47', 'Oke 12:30  housinco  n.xiển>> sân bay t1 sedan b lx ko vội ck220k'),
(13, 496, 497, 2, 0.25, NULL, '2025-12-05 06:36:56', '2025-12-05 06:36:56', 'Oke 12:30  housinco  n.xiển>> sân bay t1 sedan b lx ko vội ck220k'),
(14, 494, 495, 2, 0.50, NULL, '2025-12-05 06:36:56', '2025-12-05 06:36:56', 'Tiên 13h30 6 phạm ngũ lão sedan ki10 thu 200k'),
(15, 498, 335, 1, 1.00, NULL, '2025-12-05 06:50:12', '2025-12-05 06:50:12', '@Việt Tiệp 1đ'),
(16, 498, 497, 1, 0.50, NULL, '2025-12-05 06:50:12', '2025-12-05 06:50:12', '@Anh Điệp  Thuê Xe Giang Gia 0.5'),
(17, 498, 335, 1, 1.00, NULL, '2025-12-05 06:50:40', '2025-12-05 06:50:40', '@Việt Tiệp 1đ'),
(18, 498, 497, 1, 0.50, NULL, '2025-12-05 06:50:40', '2025-12-05 06:50:40', '@Anh Điệp  Thuê Xe Giang Gia 0.5'),
(19, 499, 498, 1, 5.00, NULL, '2025-12-05 06:53:16', '2025-12-05 06:53:16', '@Kế Toán Full House 5đ'),
(20, 498, 501, 1, 4.00, NULL, '2025-12-05 06:53:16', '2025-12-05 06:53:16', '@Lê Thị Kim Yến 4đ'),
(21, 498, 500, 1, 1.00, NULL, '2025-12-05 06:53:16', '2025-12-05 06:53:16', '@Việt Tiệp 1đ'),
(22, 498, 502, 1, 2.50, NULL, '2025-12-05 06:53:16', '2025-12-05 06:53:16', '@Tmanhcuong 2.5đ'),
(23, 498, 503, 1, 1.00, NULL, '2025-12-05 06:53:16', '2025-12-05 06:53:16', '@Phạm Hiếu Đh Limo Green 1đ'),
(24, 498, 504, 1, 0.50, NULL, '2025-12-05 06:53:16', '2025-12-05 06:53:16', '@Phoenix 0.5'),
(25, 498, 505, 1, 0.50, NULL, '2025-12-05 06:53:16', '2025-12-05 06:53:16', '@Anh Điệp  Thuê Xe Giang Gia 0.5'),
(26, 499, 498, 1, 5.00, NULL, '2025-12-05 06:57:40', '2025-12-05 06:57:40', 'Toán Full House'),
(27, 498, 501, 1, 4.00, NULL, '2025-12-05 06:57:40', '2025-12-05 06:57:40', '@Lê Thị Kim Yến 4đ'),
(28, 498, 500, 1, 1.00, NULL, '2025-12-05 06:57:40', '2025-12-05 06:57:40', '@Việt Tiệp 1đ'),
(29, 498, 502, 1, 2.50, NULL, '2025-12-05 06:57:40', '2025-12-05 06:57:40', '@Tmanhcuong 2.5đ'),
(30, 498, 503, 1, 1.00, NULL, '2025-12-05 06:57:40', '2025-12-05 06:57:40', '@Phạm Hiếu Đh Limo Green 1đ'),
(31, 498, 504, 1, 0.50, NULL, '2025-12-05 06:57:40', '2025-12-05 06:57:40', '@Phoenix 0.5'),
(32, 498, 505, 1, 0.50, NULL, '2025-12-05 06:57:40', '2025-12-05 06:57:40', '@Anh Điệp  Thuê Xe Giang Gia 0.5'),
(33, 506, 498, 1, 4.00, NULL, '2025-12-05 06:57:40', '2025-12-05 06:57:40', 'Anh   4d   Toán Full House'),
(34, 497, 496, 3, 0.25, 13, '2025-12-05 07:03:36', '2025-12-05 07:03:36', 'Hủy lịch: Oke 12:30  housinco  n.xiển>> sân bay t1 sedan b lx ko vội ck220k');

-- --------------------------------------------------------

--
-- Table structure for table `loai_giao_dich`
--

CREATE TABLE `loai_giao_dich` (
  `id` int(11) NOT NULL,
  `ten_loai_giao_dich` varchar(100) NOT NULL COMMENT '3 loại: San điểm, Giao lịch, Hủy lịch',
  `created_at` timestamp NOT NULL DEFAULT current_timestamp(),
  `updated_at` timestamp NOT NULL DEFAULT current_timestamp() ON UPDATE current_timestamp()
) ENGINE=InnoDB DEFAULT CHARSET=utf8mb4 COLLATE=utf8mb4_unicode_ci;

--
-- Dumping data for table `loai_giao_dich`
--

INSERT INTO `loai_giao_dich` (`id`, `ten_loai_giao_dich`, `created_at`, `updated_at`) VALUES
(1, 'San điểm', '2025-12-05 02:47:52', '2025-12-05 02:47:52'),
(2, 'Giao lịch', '2025-12-05 02:47:52', '2025-12-05 02:47:52'),
(3, 'Hủy lịch', '2025-12-05 02:47:52', '2025-12-05 02:47:52');

-- --------------------------------------------------------

--
-- Table structure for table `logs`
--

CREATE TABLE `logs` (
  `id` int(11) NOT NULL,
  `id_giao_dich` int(11) NOT NULL,
  `so_diem_con_lai_nguoi_nhan` decimal(10,2) NOT NULL COMMENT 'Số điểm còn lại của người nhận sau giao dịch',
  `so_diem_con_lai_nguoi_gui` decimal(10,2) NOT NULL COMMENT 'Số điểm còn lại của người gửi sau giao dịch',
  `created_at` timestamp NOT NULL DEFAULT current_timestamp()
) ENGINE=InnoDB DEFAULT CHARSET=utf8mb4 COLLATE=utf8mb4_unicode_ci;

--
-- Dumping data for table `logs`
--

INSERT INTO `logs` (`id`, `id_giao_dich`, `so_diem_con_lai_nguoi_nhan`, `so_diem_con_lai_nguoi_gui`, `created_at`) VALUES
(6, 6, -6.25, 17.00, '2025-12-05 04:45:48'),
(7, 7, 0.00, 20.00, '2025-12-05 04:46:49'),
(8, 8, 19.50, 0.50, '2025-12-05 05:00:41'),
(9, 9, 9.50, 10.50, '2025-12-05 05:50:05'),
(10, 10, 9.50, 10.50, '2025-12-05 05:50:05'),
(11, 11, 9.00, 11.00, '2025-12-05 06:10:47'),
(12, 12, 9.00, 11.00, '2025-12-05 06:10:47'),
(13, 13, 8.75, 11.25, '2025-12-05 06:36:56'),
(14, 14, 8.50, 11.50, '2025-12-05 06:36:56'),
(15, 15, 1.75, 9.00, '2025-12-05 06:50:12'),
(16, 16, 9.25, 9.50, '2025-12-05 06:50:12'),
(17, 17, 2.75, 8.50, '2025-12-05 06:50:40'),
(18, 18, 9.75, 9.00, '2025-12-05 06:50:40'),
(19, 19, 14.00, 5.00, '2025-12-05 06:53:16'),
(20, 20, 14.00, 5.00, '2025-12-05 06:53:16'),
(21, 21, 1.00, 8.00, '2025-12-05 06:53:16'),
(22, 22, 12.50, 6.50, '2025-12-05 06:53:16'),
(23, 23, 11.00, 8.00, '2025-12-05 06:53:16'),
(24, 24, 10.50, 8.50, '2025-12-05 06:53:16'),
(25, 25, 10.50, 8.50, '2025-12-05 06:53:16'),
(26, 26, 13.50, 0.00, '2025-12-05 06:57:40'),
(27, 27, 18.00, 4.50, '2025-12-05 06:57:40'),
(28, 28, 2.00, 7.50, '2025-12-05 06:57:40'),
(29, 29, 15.00, 6.00, '2025-12-05 06:57:40'),
(30, 30, 12.00, 7.50, '2025-12-05 06:57:40'),
(31, 31, 11.00, 8.00, '2025-12-05 06:57:40'),
(32, 32, 11.00, 8.00, '2025-12-05 06:57:40'),
(33, 33, 12.50, 6.00, '2025-12-05 06:57:40'),
(34, 34, 11.50, 9.50, '2025-12-05 07:03:36');

-- --------------------------------------------------------

--
-- Table structure for table `nguoi_dung`
--

CREATE TABLE `nguoi_dung` (
  `id` int(11) NOT NULL,
  `ten_zalo` varchar(255) NOT NULL,
  `sdt` varchar(20) DEFAULT NULL,
  `so_diem` decimal(10,2) NOT NULL DEFAULT 0.00 COMMENT 'Số điểm có thể là số thập phân, số âm (vd: -1.5, 2.5, 3, -0.5)',
  `la_admin` tinyint(1) NOT NULL DEFAULT 0,
  `mat_khau` varchar(255) NOT NULL COMMENT 'Mật khẩu đã được hash',
  `created_at` timestamp NOT NULL DEFAULT current_timestamp(),
  `updated_at` timestamp NOT NULL DEFAULT current_timestamp() ON UPDATE current_timestamp()
) ENGINE=InnoDB DEFAULT CHARSET=utf8mb4 COLLATE=utf8mb4_unicode_ci;

--
-- Dumping data for table `nguoi_dung`
--

INSERT INTO `nguoi_dung` (`id`, `ten_zalo`, `sdt`, `so_diem`, `la_admin`, `mat_khau`, `created_at`, `updated_at`) VALUES
(248, 'Nguyễn Quốc Đại', '0123456789', 0.00, 0, '12334456', '2025-12-05 04:17:29', '2025-12-05 04:17:29'),
(249, 'Vận Tải Minh Tâm', '0123456789', -3.25, 0, '12334456', '2025-12-05 04:17:29', '2025-12-05 04:17:29'),
(250, 'Điều Xe Nội Bài', '0123456789', 2.50, 0, '12334456', '2025-12-05 04:17:29', '2025-12-05 04:17:29'),
(251, 'Duc Quang Duong', '0123456789', 0.00, 0, '12334456', '2025-12-05 04:17:29', '2025-12-05 04:17:29'),
(252, 'Đức Rio Noibaiairport', '0123456789', -1.25, 0, '12334456', '2025-12-05 04:17:29', '2025-12-05 04:17:29'),
(253, 'Dũng Wiliam', '0123456789', -1.50, 0, '12334456', '2025-12-05 04:17:29', '2025-12-05 04:17:29'),
(254, 'Duy Tấn', '0123456789', 4.75, 0, '12334456', '2025-12-05 04:17:29', '2025-12-05 04:17:29'),
(255, 'Du lịch Khánh Chi Đẹp Trai', '0123456789', 0.00, 0, '12334456', '2025-12-05 04:17:29', '2025-12-05 04:17:29'),
(256, 'Hoàng Phong Travel', '0123456789', -1.25, 0, '12334456', '2025-12-05 04:17:29', '2025-12-05 04:17:29'),
(257, 'Kevin', '0123456789', 0.00, 0, '12334456', '2025-12-05 04:17:29', '2025-12-05 04:17:29'),
(258, 'Quang Hiệp', '0123456789', -2.75, 0, '12334456', '2025-12-05 04:17:29', '2025-12-05 04:17:29'),
(259, 'Thu Trần', '0123456789', 2.25, 0, '12334456', '2025-12-05 04:17:29', '2025-12-05 04:17:29'),
(260, 'Trang Dcar Limosine', '0123456789', 0.00, 0, '12334456', '2025-12-05 04:17:29', '2025-12-05 04:17:29'),
(261, 'Cty Lâm Quyết', '0123456789', 3.25, 0, '12334456', '2025-12-05 04:17:29', '2025-12-05 04:17:29'),
(262, 'Nguyễn Hải', '0123456789', 0.00, 0, '12334456', '2025-12-05 04:17:29', '2025-12-05 04:17:29'),
(263, 'Ae Chạy Xe Sb Và Đường Dài', '0123456789', 0.25, 0, '12334456', '2025-12-05 04:17:29', '2025-12-05 04:17:29'),
(264, 'Ngô Quang Dũng', '0123456789', -3.50, 0, '12334456', '2025-12-05 04:17:29', '2025-12-05 04:17:29'),
(265, 'A Athanh nb', '0123456789', 2.50, 0, '12334456', '2025-12-05 04:17:29', '2025-12-05 04:17:29'),
(266, 'A Đức Airport', '0123456789', 0.25, 0, '12334456', '2025-12-05 04:17:29', '2025-12-05 04:17:29'),
(267, 'A Dũng 1977', '0123456789', 0.00, 0, '12334456', '2025-12-05 04:17:29', '2025-12-05 04:17:29'),
(268, 'A Hiếu Sân Bay', '0123456789', 0.00, 0, '12334456', '2025-12-05 04:17:29', '2025-12-05 04:17:29'),
(269, 'A Thành Phú Đô', '0123456789', 0.75, 0, '12334456', '2025-12-05 04:17:29', '2025-12-05 04:17:29'),
(270, 'A Trọng 880', '0123456789', 0.00, 0, '12334456', '2025-12-05 04:17:29', '2025-12-05 04:17:29'),
(271, 'Anh Khánh', '0123456789', -1.25, 0, '12334456', '2025-12-05 04:17:29', '2025-12-05 04:17:29'),
(272, 'Anh Khoa', '0123456789', -1.00, 0, '12334456', '2025-12-05 04:17:29', '2025-12-05 04:17:29'),
(273, 'Anh Luận', '0123456789', 0.00, 0, '12334456', '2025-12-05 04:17:29', '2025-12-05 04:17:29'),
(274, 'Anh Nghị', '0123456789', 0.00, 0, '12334456', '2025-12-05 04:17:29', '2025-12-05 04:17:29'),
(275, 'Anh Tú', '0123456789', 0.00, 0, '12334456', '2025-12-05 04:17:29', '2025-12-05 04:17:29'),
(276, 'Anh Tú Airport', '0123456789', 3.75, 0, '12334456', '2025-12-05 04:17:29', '2025-12-05 04:17:29'),
(277, 'Anh Tuấn', '0123456789', 0.00, 0, '12334456', '2025-12-05 04:17:29', '2025-12-05 04:17:29'),
(278, 'Airport Carvip', '0123456789', -0.75, 0, '12334456', '2025-12-05 04:17:29', '2025-12-05 04:17:29'),
(279, 'Anh Quang', '0123456789', -0.50, 0, '12334456', '2025-12-05 04:17:29', '2025-12-05 04:17:29'),
(280, 'Anh Huy', '0123456789', 0.00, 0, '12334456', '2025-12-05 04:17:29', '2025-12-05 04:17:29'),
(281, 'Nguyễn Tanh', '0123456789', -1.25, 0, '12334456', '2025-12-05 04:17:29', '2025-12-05 04:17:29'),
(282, 'B M Tùng', '0123456789', -1.00, 0, '12334456', '2025-12-05 04:17:29', '2025-12-05 04:17:29'),
(283, 'Ba Duy', '0123456789', -0.75, 0, '12334456', '2025-12-05 04:17:29', '2025-12-05 04:17:29'),
(284, 'Bạch Ngọc Đức', '0123456789', -1.25, 0, '12334456', '2025-12-05 04:17:29', '2025-12-05 04:17:29'),
(285, 'Bằng Hip', '0123456789', -1.75, 0, '12334456', '2025-12-05 04:17:29', '2025-12-05 04:17:29'),
(286, 'Bảo Xe Du Lịch', '0123456789', -1.25, 0, '12334456', '2025-12-05 04:17:29', '2025-12-05 04:17:29'),
(287, 'Bảolinhminhchâu', '0123456789', -0.25, 0, '12334456', '2025-12-05 04:17:29', '2025-12-05 04:17:29'),
(288, 'Bee Driver', '0123456789', -0.50, 0, '12334456', '2025-12-05 04:17:29', '2025-12-05 04:17:29'),
(289, 'Biển Xanh', '0123456789', -0.25, 0, '12334456', '2025-12-05 04:17:29', '2025-12-05 04:17:29'),
(290, 'Binh Boong', '0123456789', 3.00, 0, '12334456', '2025-12-05 04:17:29', '2025-12-05 04:17:29'),
(291, 'Bình Minh Khai Innova', '0123456789', 5.00, 0, '12334456', '2025-12-05 04:17:29', '2025-12-05 04:17:29'),
(292, 'Bìnhboong', '0123456789', 2.50, 0, '12334456', '2025-12-05 04:17:29', '2025-12-05 04:17:29'),
(293, 'Bố Tép', '0123456789', 0.75, 0, '12334456', '2025-12-05 04:17:29', '2025-12-05 04:17:29'),
(294, 'Bờm Đại ca', '0123456789', 0.25, 0, '12334456', '2025-12-05 04:17:29', '2025-12-05 04:17:29'),
(295, 'Bốn Long Biên Innova', '0123456789', -1.00, 0, '12334456', '2025-12-05 04:17:29', '2025-12-05 04:17:29'),
(296, 'Tôn Anh Dương', '0123456789', -0.50, 0, '12334456', '2025-12-05 04:17:29', '2025-12-05 04:17:29'),
(297, 'Bossbui', '0123456789', 1.00, 0, '12334456', '2025-12-05 04:17:29', '2025-12-05 04:17:29'),
(298, 'Bùi Đô', '0123456789', -0.50, 0, '12334456', '2025-12-05 04:17:29', '2025-12-05 04:17:29'),
(299, 'Bùi Duy', '0123456789', 1.75, 0, '12334456', '2025-12-05 04:17:29', '2025-12-05 04:17:29'),
(300, 'Bùi Huy Quang', '0123456789', -1.00, 0, '12334456', '2025-12-05 04:17:29', '2025-12-05 04:17:29'),
(301, 'Bùi Quang Thành', '0123456789', -1.00, 0, '12334456', '2025-12-05 04:17:29', '2025-12-05 04:17:29'),
(302, 'Bích', '0123456789', 0.00, 0, '12334456', '2025-12-05 04:17:29', '2025-12-05 04:17:29'),
(303, 'Bao Chung', '0123456789', 0.75, 0, '12334456', '2025-12-05 04:17:29', '2025-12-05 04:17:29'),
(304, 'Cá Dọn Bể', '0123456789', 0.50, 0, '12334456', '2025-12-05 04:17:29', '2025-12-05 04:17:29'),
(305, 'Cảng Hàng Không Quốc Tế Airport', '0123456789', 3.75, 0, '12334456', '2025-12-05 04:17:29', '2025-12-05 04:17:29'),
(306, 'Cao Thanh Hải', '0123456789', 2.25, 0, '12334456', '2025-12-05 04:17:29', '2025-12-05 04:17:29'),
(307, 'Cao Trần', '0123456789', -0.25, 0, '12334456', '2025-12-05 04:17:29', '2025-12-05 04:17:29'),
(308, 'Champakhao Xathani', '0123456789', -1.00, 0, '12334456', '2025-12-05 04:17:29', '2025-12-05 04:17:29'),
(309, 'Châu Anh Tourism', '0123456789', 2.25, 0, '12334456', '2025-12-05 04:17:29', '2025-12-05 04:17:29'),
(310, 'Chiến Trần', '0123456789', 1.50, 0, '12334456', '2025-12-05 04:17:29', '2025-12-05 04:17:29'),
(311, 'ChiếnPhúcTân', '0123456789', -1.75, 0, '12334456', '2025-12-05 04:17:29', '2025-12-05 04:17:29'),
(312, 'Cho thuê xe Du Lịch Hà Nội', '0123456789', 3.75, 0, '12334456', '2025-12-05 04:17:29', '2025-12-05 04:17:29'),
(313, 'Cho Thuê Xe Hà Nội', '0123456789', -0.75, 0, '12334456', '2025-12-05 04:17:29', '2025-12-05 04:17:29'),
(314, 'Chuyểntiềnnhanh Hà Nội', '0123456789', 0.00, 0, '12334456', '2025-12-05 04:17:29', '2025-12-05 04:17:29'),
(315, 'Công Nguyễn', '0123456789', 0.75, 0, '12334456', '2025-12-05 04:17:29', '2025-12-05 04:17:29'),
(316, 'Cops Tran', '0123456789', 0.00, 0, '12334456', '2025-12-05 04:17:29', '2025-12-05 04:17:29'),
(317, 'Cty Cổ Phần Vận Tải và Dịch Vụ BK', '0123456789', -0.50, 0, '12334456', '2025-12-05 04:17:29', '2025-12-05 04:17:29'),
(318, 'Cty Dịch vụ Vận Tải Linh Anh', '0123456789', 0.25, 0, '12334456', '2025-12-05 04:17:29', '2025-12-05 04:17:29'),
(319, 'Cty tnhh Du Lịch Bảo An', '0123456789', 0.25, 0, '12334456', '2025-12-05 04:17:29', '2025-12-05 04:17:29'),
(320, 'Cty vận tải Vũ Kiên', '0123456789', -2.50, 0, '12334456', '2025-12-05 04:17:29', '2025-12-05 04:17:29'),
(321, 'Xe Sân Bay Bảo Phúc', '0123456789', -1.00, 0, '12334456', '2025-12-05 04:17:29', '2025-12-05 04:17:29'),
(322, 'Cty Xe Nội Bài Tour', '0123456789', 2.75, 0, '12334456', '2025-12-05 04:17:29', '2025-12-05 04:17:29'),
(323, 'Cu Ly Thành Phố', '0123456789', 0.00, 0, '12334456', '2025-12-05 04:17:29', '2025-12-05 04:17:29'),
(324, 'Cty Tnhh Mtv Hưng Thịnh Group Travel', '0123456789', -0.25, 0, '12334456', '2025-12-05 04:17:29', '2025-12-05 04:17:29'),
(325, 'Cường', '0123456789', -0.75, 0, '12334456', '2025-12-05 04:17:29', '2025-12-05 04:17:29'),
(326, 'Cường AirPort', '0123456789', 1.50, 0, '12334456', '2025-12-05 04:17:29', '2025-12-05 04:17:29'),
(327, 'Cường Hải Phòng', '0123456789', 2.25, 0, '12334456', '2025-12-05 04:17:29', '2025-12-05 04:17:29'),
(328, 'Cuong Nguyen', '0123456789', -0.50, 0, '12334456', '2025-12-05 04:17:29', '2025-12-05 04:17:29'),
(329, 'Cuong Nguyenduc', '0123456789', 0.00, 0, '12334456', '2025-12-05 04:17:29', '2025-12-05 04:17:29'),
(330, 'Cường Vios', '0123456789', 0.75, 0, '12334456', '2025-12-05 04:17:29', '2025-12-05 04:17:29'),
(331, 'Cường Vv', '0123456789', 3.50, 0, '12334456', '2025-12-05 04:17:29', '2025-12-05 04:17:29'),
(332, 'Cường Râu Airport', '0123456789', 1.25, 0, '12334456', '2025-12-05 04:17:29', '2025-12-05 04:17:29'),
(333, 'Công Tuyến', '0123456789', 0.00, 0, '12334456', '2025-12-05 04:17:29', '2025-12-05 04:17:29'),
(334, 'Click Gooo', '0123456789', 0.00, 0, '12334456', '2025-12-05 04:17:29', '2025-12-05 04:17:29'),
(335, 'Cao Việt Long', '0123456789', 2.75, 0, '12334456', '2025-12-05 04:17:29', '2025-12-05 06:50:40'),
(336, 'Chung', '0123456789', -1.00, 0, '12334456', '2025-12-05 04:17:29', '2025-12-05 04:17:29'),
(337, 'Công Chung sân bay', '0123456789', 0.00, 0, '12334456', '2025-12-05 04:17:29', '2025-12-05 04:17:29'),
(338, 'Tiểu Ngưu', '0123456789', 0.00, 0, '12334456', '2025-12-05 04:17:29', '2025-12-05 04:17:29'),
(339, 'Đăng Khoa', '0123456789', 0.75, 0, '12334456', '2025-12-05 04:17:29', '2025-12-05 04:17:29'),
(340, 'Đặng Sơn', '0123456789', -0.50, 0, '12334456', '2025-12-05 04:17:29', '2025-12-05 04:17:29'),
(341, 'Đặng Văn Hiếu', '0123456789', -1.50, 0, '12334456', '2025-12-05 04:17:29', '2025-12-05 04:17:29'),
(342, 'Đặt Xe Nội Bài Hà Nội', '0123456789', -0.50, 0, '12334456', '2025-12-05 04:17:29', '2025-12-05 04:17:29'),
(343, 'Đh - Vnt Travel', '0123456789', 1.25, 0, '12334456', '2025-12-05 04:17:29', '2025-12-05 04:17:29'),
(344, 'ĐH xe Dịch Vụ Anh Duy', '0123456789', 0.00, 0, '12334456', '2025-12-05 04:17:29', '2025-12-05 04:17:29'),
(345, 'Đh Xe MP', '0123456789', -0.50, 0, '12334456', '2025-12-05 04:17:29', '2025-12-05 04:17:29'),
(346, 'Đh Bảo Linh Travel', '0123456789', -0.25, 0, '12334456', '2025-12-05 04:17:29', '2025-12-05 04:17:29'),
(347, 'Dịch Vụ Đưa Đón Sân Bay', '0123456789', 3.00, 0, '12334456', '2025-12-05 04:17:29', '2025-12-05 04:17:29'),
(348, 'DịchVụ Nội Bài', '0123456789', -1.00, 0, '12334456', '2025-12-05 04:17:29', '2025-12-05 04:17:29'),
(349, 'DịchVụ Nội bài', '0123456789', 0.00, 0, '12334456', '2025-12-05 04:17:29', '2025-12-05 04:17:29'),
(350, 'Diệp Diệp', '0123456789', 0.00, 0, '12334456', '2025-12-05 04:17:29', '2025-12-05 04:17:29'),
(351, 'Dd', '0123456789', -0.50, 0, '12334456', '2025-12-05 04:17:29', '2025-12-05 04:17:29'),
(352, 'Điều Hành Vnwondertour', '0123456789', 0.50, 0, '12334456', '2025-12-05 04:17:29', '2025-12-05 04:17:29'),
(353, 'Điều hành PBA Thành Trung', '0123456789', 4.00, 0, '12334456', '2025-12-05 04:17:29', '2025-12-05 04:17:29'),
(354, 'Điều hành PHCAR airport', '0123456789', 3.25, 0, '12334456', '2025-12-05 04:17:29', '2025-12-05 04:17:29'),
(355, 'Đình Anh', '0123456789', -1.50, 0, '12334456', '2025-12-05 04:17:29', '2025-12-05 04:17:29'),
(356, 'Đinh Bá Hoàn', '0123456789', -1.00, 0, '12334456', '2025-12-05 04:17:29', '2025-12-05 04:17:29'),
(357, 'Dinh Dac', '0123456789', -1.50, 0, '12334456', '2025-12-05 04:17:29', '2025-12-05 04:17:29'),
(358, 'Đinh Kim Dung', '0123456789', 0.25, 0, '12334456', '2025-12-05 04:17:29', '2025-12-05 04:17:29'),
(359, 'Đỗ Bách', '0123456789', 2.50, 0, '12334456', '2025-12-05 04:17:29', '2025-12-05 04:17:29'),
(360, 'Đỗ Chính', '0123456789', 0.25, 0, '12334456', '2025-12-05 04:17:29', '2025-12-05 04:17:29'),
(361, 'Đỗ Hiếu', '0123456789', -0.75, 0, '12334456', '2025-12-05 04:17:29', '2025-12-05 04:17:29'),
(362, 'Đoàn Huân', '0123456789', 3.00, 0, '12334456', '2025-12-05 04:17:29', '2025-12-05 04:17:29'),
(363, 'Đoàn Văn Dũng', '0123456789', -0.25, 0, '12334456', '2025-12-05 04:17:29', '2025-12-05 04:17:29'),
(364, 'Doanminh', '0123456789', -1.25, 0, '12334456', '2025-12-05 04:17:29', '2025-12-05 04:17:29'),
(365, 'Độc Bước', '0123456789', -0.50, 0, '12334456', '2025-12-05 04:17:29', '2025-12-05 04:17:29'),
(366, 'Dovannd', '0123456789', -1.00, 0, '12334456', '2025-12-05 04:17:29', '2025-12-05 04:17:29'),
(367, 'Đặng Khá', '0123456789', 0.00, 0, '12334456', '2025-12-05 04:17:29', '2025-12-05 04:17:29'),
(368, 'Du lịch Go Car', '0123456789', -1.00, 0, '12334456', '2025-12-05 04:17:29', '2025-12-05 04:17:29'),
(369, 'Du Lịch Tứ Phương', '0123456789', -1.75, 0, '12334456', '2025-12-05 04:17:29', '2025-12-05 04:17:29'),
(370, 'Du Tran Khanh', '0123456789', 1.00, 0, '12334456', '2025-12-05 04:17:29', '2025-12-05 04:17:29'),
(371, 'DKT PLUS', '0123456789', 0.25, 0, '12334456', '2025-12-05 04:17:29', '2025-12-05 04:17:29'),
(372, 'Đức Béo', '0123456789', -0.25, 0, '12334456', '2025-12-05 04:17:29', '2025-12-05 04:17:29'),
(373, 'Duc Bui', '0123456789', 0.25, 0, '12334456', '2025-12-05 04:17:29', '2025-12-05 04:17:29'),
(374, 'Đức Expander', '0123456789', 0.00, 0, '12334456', '2025-12-05 04:17:29', '2025-12-05 04:17:29'),
(375, 'Đức Phúc Car', '0123456789', 0.00, 0, '12334456', '2025-12-05 04:17:29', '2025-12-05 04:17:29'),
(376, 'Đức Sơn', '0123456789', -0.25, 0, '12334456', '2025-12-05 04:17:29', '2025-12-05 04:17:29'),
(377, 'Đức Thịnh', '0123456789', 0.00, 0, '12334456', '2025-12-05 04:17:29', '2025-12-05 04:17:29'),
(378, 'Đức Thuần', '0123456789', -0.25, 0, '12334456', '2025-12-05 04:17:29', '2025-12-05 04:17:29'),
(379, 'Đức Trọng PS', '0123456789', 0.50, 0, '12334456', '2025-12-05 04:17:29', '2025-12-05 04:17:29'),
(380, 'Duc Vu', '0123456789', 0.75, 0, '12334456', '2025-12-05 04:17:29', '2025-12-05 04:17:29'),
(381, 'Đức Vũ', '0123456789', -0.25, 0, '12334456', '2025-12-05 04:17:29', '2025-12-05 04:17:29'),
(382, 'Đức.', '0123456789', -0.25, 0, '12334456', '2025-12-05 04:17:29', '2025-12-05 04:17:29'),
(383, 'Đỗ Nhật Đức', '0123456789', -0.50, 0, '12334456', '2025-12-05 04:17:29', '2025-12-05 04:17:29'),
(384, 'Duc Nguyen', '0123456789', -0.50, 0, '12334456', '2025-12-05 04:17:29', '2025-12-05 04:17:29'),
(385, 'Dulichthanglong', '0123456789', 2.00, 0, '12334456', '2025-12-05 04:17:29', '2025-12-05 04:17:29'),
(386, 'Du Lịch Hoàng Nam', '0123456789', -1.25, 0, '12334456', '2025-12-05 04:17:29', '2025-12-05 04:17:29'),
(387, 'Dũng', '0123456789', -0.50, 0, '12334456', '2025-12-05 04:17:29', '2025-12-05 04:17:29'),
(388, 'Private Car Transfer In Hanoi Airport', '0123456789', 0.00, 0, '12334456', '2025-12-05 04:17:29', '2025-12-05 04:17:29'),
(389, 'Dũng Béo', '0123456789', 0.00, 0, '12334456', '2025-12-05 04:17:29', '2025-12-05 04:17:29'),
(390, 'Kiến Vàng Travel Car', '0123456789', 0.00, 0, '12334456', '2025-12-05 04:17:29', '2025-12-05 04:17:29'),
(391, 'Dũng Hân Travel', '0123456789', 0.00, 0, '12334456', '2025-12-05 04:17:29', '2025-12-05 04:17:29'),
(392, 'Dũng.', '0123456789', -0.50, 0, '12334456', '2025-12-05 04:17:29', '2025-12-05 04:17:29'),
(393, 'Dunghn', '0123456789', 0.00, 0, '12334456', '2025-12-05 04:17:29', '2025-12-05 04:17:29'),
(394, 'Duong Duc Anh', '0123456789', 3.25, 0, '12334456', '2025-12-05 04:17:29', '2025-12-05 04:17:29'),
(395, 'Dương Mạnh Hà', '0123456789', 0.00, 0, '12334456', '2025-12-05 04:17:29', '2025-12-05 04:17:29'),
(396, 'Dương Minh Quân', '0123456789', -1.00, 0, '12334456', '2025-12-05 04:17:29', '2025-12-05 04:17:29'),
(397, 'Dương Nghị', '0123456789', 0.50, 0, '12334456', '2025-12-05 04:17:29', '2025-12-05 04:17:29'),
(398, 'Dương Phú', '0123456789', -1.25, 0, '12334456', '2025-12-05 04:17:29', '2025-12-05 04:17:29'),
(399, 'Duy Béo xe sân bay', '0123456789', -1.00, 0, '12334456', '2025-12-05 04:17:29', '2025-12-05 04:17:29'),
(400, 'Duy Coffee', '0123456789', 0.75, 0, '12334456', '2025-12-05 04:17:29', '2025-12-05 04:17:29'),
(401, 'Duy Duy', '0123456789', -0.25, 0, '12334456', '2025-12-05 04:17:29', '2025-12-05 04:17:29'),
(402, 'DuyCương', '0123456789', -0.50, 0, '12334456', '2025-12-05 04:17:29', '2025-12-05 04:17:29'),
(403, 'Duytoan', '0123456789', 2.00, 0, '12334456', '2025-12-05 04:17:29', '2025-12-05 04:17:29'),
(404, 'Duy Tuyên', '0123456789', 0.25, 0, '12334456', '2025-12-05 04:17:29', '2025-12-05 04:17:29'),
(405, 'Duy Thanh', '0123456789', -0.50, 0, '12334456', '2025-12-05 04:17:29', '2025-12-05 04:17:29'),
(406, 'Fuclaze Nguyen', '0123456789', 0.25, 0, '12334456', '2025-12-05 04:17:29', '2025-12-05 04:17:29'),
(407, 'Garung', '0123456789', 0.25, 0, '12334456', '2025-12-05 04:17:29', '2025-12-05 04:17:29'),
(408, 'Gia Airport', '0123456789', -0.75, 0, '12334456', '2025-12-05 04:17:29', '2025-12-05 04:17:29'),
(409, 'Gia Bảo', '0123456789', -0.50, 0, '12334456', '2025-12-05 04:17:29', '2025-12-05 04:17:29'),
(410, 'Gia Bảo (2)', '0123456789', -1.00, 0, '12334456', '2025-12-05 04:17:29', '2025-12-05 04:17:29'),
(411, 'Gia cát Lượng', '0123456789', 2.75, 0, '12334456', '2025-12-05 04:17:29', '2025-12-05 04:17:29'),
(412, 'Giang Bi', '0123456789', -0.50, 0, '12334456', '2025-12-05 04:17:29', '2025-12-05 04:17:29'),
(413, 'Giangnam', '0123456789', -1.00, 0, '12334456', '2025-12-05 04:17:29', '2025-12-05 04:17:29'),
(414, 'H M Khoa', '0123456789', -0.50, 0, '12334456', '2025-12-05 04:17:29', '2025-12-05 04:17:29'),
(415, 'H Noibai', '0123456789', 1.50, 0, '12334456', '2025-12-05 04:17:29', '2025-12-05 04:17:29'),
(416, 'Hà Fortuner', '0123456789', 1.00, 0, '12334456', '2025-12-05 04:17:29', '2025-12-05 04:17:29'),
(417, 'Hà Trang Lomisine', '0123456789', -0.50, 0, '12334456', '2025-12-05 04:17:29', '2025-12-05 04:17:29'),
(418, 'Ha Tưởng', '0123456789', 0.25, 0, '12334456', '2025-12-05 04:17:29', '2025-12-05 04:17:29'),
(419, 'Posedion', '0123456789', 0.00, 0, '12334456', '2025-12-05 04:17:29', '2025-12-05 04:17:29'),
(420, 'Hải', '0123456789', -1.00, 0, '12334456', '2025-12-05 04:17:29', '2025-12-05 04:17:29'),
(421, 'Hải Anh Ml', '0123456789', -2.25, 0, '12334456', '2025-12-05 04:17:29', '2025-12-05 04:17:29'),
(422, 'Hải Kim', '0123456789', -1.00, 0, '12334456', '2025-12-05 04:17:29', '2025-12-05 04:17:29'),
(423, 'Hải Nguyễn', '0123456789', 0.00, 0, '12334456', '2025-12-05 04:17:29', '2025-12-05 04:17:29'),
(424, 'Hanhxd1', '0123456789', 3.50, 0, '12334456', '2025-12-05 04:17:29', '2025-12-05 04:17:29'),
(425, 'Hậu Mazda', '0123456789', 0.25, 0, '12334456', '2025-12-05 04:17:29', '2025-12-05 04:17:29'),
(426, 'Hiển Xe Du Lịch Bảo Minh', '0123456789', 6.00, 0, '12334456', '2025-12-05 04:17:29', '2025-12-05 04:17:29'),
(427, 'Hiếu Béo', '0123456789', -0.25, 0, '12334456', '2025-12-05 04:17:29', '2025-12-05 04:17:29'),
(428, 'Hổ Ăn Thịt Dê', '0123456789', 0.00, 0, '12334456', '2025-12-05 04:17:29', '2025-12-05 04:17:29'),
(429, 'Hoà Bình Travel', '0123456789', 3.75, 0, '12334456', '2025-12-05 04:17:29', '2025-12-05 04:17:29'),
(430, 'Hòa Tầu', '0123456789', -1.25, 0, '12334456', '2025-12-05 04:17:29', '2025-12-05 04:17:29'),
(431, 'Hoà Tít', '0123456789', -1.00, 0, '12334456', '2025-12-05 04:17:29', '2025-12-05 04:17:29'),
(432, 'Hoài An', '0123456789', -1.25, 0, '12334456', '2025-12-05 04:17:29', '2025-12-05 04:17:29'),
(433, 'Hoàn.', '0123456789', 0.50, 0, '12334456', '2025-12-05 04:17:29', '2025-12-05 04:17:29'),
(434, 'Hoàng Bình vios', '0123456789', -0.25, 0, '12334456', '2025-12-05 04:17:29', '2025-12-05 04:17:29'),
(435, 'Hoàng Cương', '0123456789', -0.50, 0, '12334456', '2025-12-05 04:17:29', '2025-12-05 04:17:29'),
(436, 'Hoàng Dũng Airport', '0123456789', -0.50, 0, '12334456', '2025-12-05 04:17:29', '2025-12-05 04:17:29'),
(437, 'Hoàng Hải Anh', '0123456789', -0.50, 0, '12334456', '2025-12-05 04:17:29', '2025-12-05 04:17:29'),
(438, 'Hoàng Hiếu Motor', '0123456789', 0.00, 0, '12334456', '2025-12-05 04:17:29', '2025-12-05 04:17:29'),
(439, 'Hoàng Hùng', '0123456789', -1.00, 0, '12334456', '2025-12-05 04:17:29', '2025-12-05 04:17:29'),
(440, 'Hoàng Hưởng', '0123456789', 0.00, 0, '12334456', '2025-12-05 04:17:29', '2025-12-05 04:17:29'),
(441, 'Hoàng Long 16', '0123456789', 3.25, 0, '12334456', '2025-12-05 04:17:29', '2025-12-05 04:17:29'),
(442, 'Hoàng Milano', '0123456789', 0.25, 0, '12334456', '2025-12-05 04:17:29', '2025-12-05 04:17:29'),
(443, 'Hoàng Minh Transport', '0123456789', 0.25, 0, '12334456', '2025-12-05 04:17:29', '2025-12-05 04:17:29'),
(444, 'Hoàng Nam Sb', '0123456789', 1.25, 0, '12334456', '2025-12-05 04:17:29', '2025-12-05 04:17:29'),
(445, 'Hoàng Tâm Limosine', '0123456789', -1.00, 0, '12334456', '2025-12-05 04:17:29', '2025-12-05 04:17:29'),
(446, 'Hoàng Thắng', '0123456789', -1.00, 0, '12334456', '2025-12-05 04:17:29', '2025-12-05 04:17:29'),
(447, 'Hoàng Thanh', '0123456789', -0.50, 0, '12334456', '2025-12-05 04:17:29', '2025-12-05 04:17:29'),
(448, 'Hoàng Thu Minh Travel', '0123456789', -0.25, 0, '12334456', '2025-12-05 04:17:29', '2025-12-05 04:17:29'),
(449, 'Hoàng Thuỷ', '0123456789', 0.00, 0, '12334456', '2025-12-05 04:17:29', '2025-12-05 04:17:29'),
(450, 'Hoàng Trần', '0123456789', -1.00, 0, '12334456', '2025-12-05 04:17:29', '2025-12-05 04:17:29'),
(451, 'Hoàng Sơn TX', '0123456789', 3.75, 0, '12334456', '2025-12-05 04:17:29', '2025-12-05 04:17:29'),
(452, 'Hoanglong', '0123456789', 0.00, 0, '12334456', '2025-12-05 04:17:29', '2025-12-05 04:17:29'),
(453, 'Hồng Diệp', '0123456789', 0.00, 0, '12334456', '2025-12-05 04:17:29', '2025-12-05 04:17:29'),
(454, 'Hồng Hải', '0123456789', -0.50, 0, '12334456', '2025-12-05 04:17:29', '2025-12-05 04:17:29'),
(455, 'Hồng Kim', '0123456789', 1.50, 0, '12334456', '2025-12-05 04:17:29', '2025-12-05 04:17:29'),
(456, 'Hợp Đặng', '0123456789', -1.00, 0, '12334456', '2025-12-05 04:17:29', '2025-12-05 04:17:29'),
(457, 'Hùng Chuyên Tuyến Nội Bài', '0123456789', -1.00, 0, '12334456', '2025-12-05 04:17:29', '2025-12-05 04:17:29'),
(458, 'Htdtrands', '0123456789', -0.50, 0, '12334456', '2025-12-05 04:17:29', '2025-12-05 04:17:29'),
(459, 'Htktravelcomvn', '0123456789', -0.50, 0, '12334456', '2025-12-05 04:17:29', '2025-12-05 04:17:29'),
(460, 'Hùng Bạch Mai', '0123456789', -0.25, 0, '12334456', '2025-12-05 04:17:29', '2025-12-05 04:17:29'),
(461, 'Hưng Doãn Thế', '0123456789', -1.25, 0, '12334456', '2025-12-05 04:17:29', '2025-12-05 04:17:29'),
(462, 'Hùng Hải Airport', '0123456789', -0.50, 0, '12334456', '2025-12-05 04:17:29', '2025-12-05 04:17:29'),
(463, 'Hùng Kyn', '0123456789', 0.50, 0, '12334456', '2025-12-05 04:17:29', '2025-12-05 04:17:29'),
(464, 'Hùng Năm Hai', '0123456789', -1.00, 0, '12334456', '2025-12-05 04:17:29', '2025-12-05 04:17:29'),
(465, 'Hungyn', '0123456789', -1.75, 0, '12334456', '2025-12-05 04:17:29', '2025-12-05 04:17:29'),
(466, 'Hữu Thành', '0123456789', -0.50, 0, '12334456', '2025-12-05 04:17:29', '2025-12-05 04:17:29'),
(467, 'Huy', '0123456789', 0.25, 0, '12334456', '2025-12-05 04:17:29', '2025-12-05 04:17:29'),
(468, 'Huy Dzee', '0123456789', -1.00, 0, '12334456', '2025-12-05 04:17:29', '2025-12-05 04:17:29'),
(469, 'Huy Tây Hồ', '0123456789', 0.50, 0, '12334456', '2025-12-05 04:17:29', '2025-12-05 04:17:29'),
(470, 'Huy võ Limosine', '0123456789', -0.50, 0, '12334456', '2025-12-05 04:17:29', '2025-12-05 04:17:29'),
(471, 'Huyhuy', '0123456789', -1.50, 0, '12334456', '2025-12-05 04:17:29', '2025-12-05 04:17:29'),
(472, 'Huỳnh Văn Dũng', '0123456789', 0.00, 0, '12334456', '2025-12-05 04:17:29', '2025-12-05 04:17:29'),
(473, 'Hương Minh Anh', '0123456789', -0.25, 0, '12334456', '2025-12-05 04:17:29', '2025-12-05 04:17:29'),
(474, 'Hn Travel', '0123456789', -0.50, 0, '12334456', '2025-12-05 04:17:29', '2025-12-05 04:17:29'),
(475, 'Hái Hoa Tặc', '0123456789', -0.25, 0, '12334456', '2025-12-05 04:17:29', '2025-12-05 04:39:05'),
(476, 'Imperia Airport', '0123456789', 0.00, 0, '12334456', '2025-12-05 04:17:29', '2025-12-05 04:17:29'),
(477, 'Jin Pc', '0123456789', -1.00, 0, '12334456', '2025-12-05 04:17:29', '2025-12-05 04:17:29'),
(478, 'Kekhukho', '0123456789', -1.00, 0, '12334456', '2025-12-05 04:17:29', '2025-12-05 04:17:29'),
(479, 'Khắc Định', '0123456789', 11.00, 0, '12334456', '2025-12-05 04:17:29', '2025-12-05 04:17:29'),
(480, 'Khangvinh Dh', '0123456789', -0.50, 0, '12334456', '2025-12-05 04:17:29', '2025-12-05 04:17:29'),
(481, 'Khang Vũ Airport', '0123456789', -0.25, 0, '12334456', '2025-12-05 04:17:29', '2025-12-05 04:17:29'),
(482, 'Khanh Bỉ', '0123456789', 0.00, 0, '12334456', '2025-12-05 04:17:29', '2025-12-05 04:17:29'),
(483, 'Khánh Driver', '0123456789', -1.00, 0, '12334456', '2025-12-05 04:17:29', '2025-12-05 04:17:29'),
(484, 'Khánh Toàn', '0123456789', -0.50, 0, '12334456', '2025-12-05 04:17:29', '2025-12-05 04:17:29'),
(485, 'Khoa Diamond', '0123456789', 0.50, 0, '12334456', '2025-12-05 04:17:29', '2025-12-05 04:17:29'),
(486, 'Kiên Na Vnec', '0123456789', -0.75, 0, '12334456', '2025-12-05 04:17:29', '2025-12-05 04:17:29'),
(487, 'Kien Ngo Van', '0123456789', 3.00, 0, '12334456', '2025-12-05 04:17:29', '2025-12-05 04:17:29'),
(488, 'Kiên Tp', '0123456789', 9.50, 0, '12334456', '2025-12-05 04:17:29', '2025-12-05 04:17:29'),
(489, 'Kiên Trang Vũ', '0123456789', 0.25, 0, '12334456', '2025-12-05 04:17:29', '2025-12-05 04:17:29'),
(490, 'Kiên Vũ', '0123456789', -1.00, 0, '12334456', '2025-12-05 04:17:29', '2025-12-05 04:17:29'),
(491, 'Khoa Nguyen', '0123456789', 2.50, 0, '12334456', '2025-12-05 04:17:29', '2025-12-05 04:39:05'),
(492, 'Kế toán Pgroup', '0123456789', 0.50, 0, 'Admin@123', '2025-12-05 04:17:29', '2025-12-05 05:00:41'),
(493, 'Admin1', '0123456789', 19.50, 1, 'Admin@123', '0000-00-00 00:00:00', '2025-12-05 05:00:41'),
(494, 'Tú Vios', '0123456789', 11.50, 0, '123456', '2025-12-05 05:48:48', '2025-12-05 06:36:56'),
(495, 'Vinh Đại Ca Nguyễn Ngọc Vinh', '0123456789', 8.50, 0, '123456789', '2025-12-05 05:49:11', '2025-12-05 06:36:56'),
(496, 'Nhimcoi', '0123456789', 11.50, 0, '123456', '2025-12-05 05:49:28', '2025-12-05 07:03:36'),
(497, 'Vũ Thanh', '0123456789', 9.50, 0, '123456', '2025-12-05 05:49:42', '2025-12-05 07:03:36'),
(498, 'Kế Toán Full House', '0123456789', 12.50, 0, '123456789', '2025-12-05 06:42:08', '2025-12-05 06:57:40'),
(499, 'Tuấn Ba', NULL, 0.00, 0, '123456', '2025-12-05 06:51:24', '2025-12-05 06:57:40'),
(500, 'Việt Tiệp', NULL, 2.00, 0, '123', '2025-12-05 06:51:40', '2025-12-05 06:57:40'),
(501, 'Lê Thị Kim Yến', NULL, 18.00, 0, '1', '2025-12-05 06:51:56', '2025-12-05 06:57:40'),
(502, 'Tmanhcuong', NULL, 15.00, 0, '1', '2025-12-05 06:52:09', '2025-12-05 06:57:40'),
(503, 'Phạm Hiếu Đh Limo Green', NULL, 12.00, 0, '1', '2025-12-05 06:52:25', '2025-12-05 06:57:40'),
(504, 'Phoenix', NULL, 11.00, 0, '1', '2025-12-05 06:52:38', '2025-12-05 06:57:40'),
(505, 'Anh Điệp', NULL, 11.00, 0, '1', '2025-12-05 06:52:49', '2025-12-05 06:57:40'),
(506, 'Đức Trọng', NULL, 6.00, 0, '1', '2025-12-05 06:53:02', '2025-12-05 06:57:40');

--
-- Indexes for dumped tables
--

--
-- Indexes for table `bao_cao`
--
ALTER TABLE `bao_cao`
  ADD PRIMARY KEY (`id`),
  ADD KEY `idx_ngay_bao_cao` (`ngay_bao_cao`),
  ADD KEY `idx_created_at` (`created_at`);

--
-- Indexes for table `giao_dich`
--
ALTER TABLE `giao_dich`
  ADD PRIMARY KEY (`id`),
  ADD KEY `idx_nguoi_gui` (`id_nguoi_gui`),
  ADD KEY `idx_nguoi_nhan` (`id_nguoi_nhan`),
  ADD KEY `idx_loai_giao_dich` (`id_loai_giao_dich`),
  ADD KEY `idx_giao_dich_doi_chung` (`id_giao_dich_doi_chung`),
  ADD KEY `idx_created_at` (`created_at`);

--
-- Indexes for table `loai_giao_dich`
--
ALTER TABLE `loai_giao_dich`
  ADD PRIMARY KEY (`id`),
  ADD UNIQUE KEY `ten_loai_giao_dich` (`ten_loai_giao_dich`);

--
-- Indexes for table `logs`
--
ALTER TABLE `logs`
  ADD PRIMARY KEY (`id`),
  ADD KEY `idx_giao_dich` (`id_giao_dich`),
  ADD KEY `idx_created_at` (`created_at`);

--
-- Indexes for table `nguoi_dung`
--
ALTER TABLE `nguoi_dung`
  ADD PRIMARY KEY (`id`),
  ADD KEY `idx_ten_zalo` (`ten_zalo`),
  ADD KEY `idx_sdt` (`sdt`),
  ADD KEY `idx_la_admin` (`la_admin`);

--
-- AUTO_INCREMENT for dumped tables
--

--
-- AUTO_INCREMENT for table `bao_cao`
--
ALTER TABLE `bao_cao`
  MODIFY `id` int(11) NOT NULL AUTO_INCREMENT, AUTO_INCREMENT=2;

--
-- AUTO_INCREMENT for table `giao_dich`
--
ALTER TABLE `giao_dich`
  MODIFY `id` int(11) NOT NULL AUTO_INCREMENT, AUTO_INCREMENT=35;

--
-- AUTO_INCREMENT for table `loai_giao_dich`
--
ALTER TABLE `loai_giao_dich`
  MODIFY `id` int(11) NOT NULL AUTO_INCREMENT, AUTO_INCREMENT=4;

--
-- AUTO_INCREMENT for table `logs`
--
ALTER TABLE `logs`
  MODIFY `id` int(11) NOT NULL AUTO_INCREMENT, AUTO_INCREMENT=35;

--
-- AUTO_INCREMENT for table `nguoi_dung`
--
ALTER TABLE `nguoi_dung`
  MODIFY `id` int(11) NOT NULL AUTO_INCREMENT, AUTO_INCREMENT=507;

--
-- Constraints for dumped tables
--

--
-- Constraints for table `giao_dich`
--
ALTER TABLE `giao_dich`
  ADD CONSTRAINT `giao_dich_ibfk_1` FOREIGN KEY (`id_nguoi_gui`) REFERENCES `nguoi_dung` (`id`) ON DELETE CASCADE,
  ADD CONSTRAINT `giao_dich_ibfk_2` FOREIGN KEY (`id_nguoi_nhan`) REFERENCES `nguoi_dung` (`id`) ON DELETE CASCADE,
  ADD CONSTRAINT `giao_dich_ibfk_3` FOREIGN KEY (`id_loai_giao_dich`) REFERENCES `loai_giao_dich` (`id`),
  ADD CONSTRAINT `giao_dich_ibfk_4` FOREIGN KEY (`id_giao_dich_doi_chung`) REFERENCES `giao_dich` (`id`) ON DELETE SET NULL;

--
-- Constraints for table `logs`
--
ALTER TABLE `logs`
  ADD CONSTRAINT `logs_ibfk_1` FOREIGN KEY (`id_giao_dich`) REFERENCES `giao_dich` (`id`) ON DELETE CASCADE;
COMMIT;

/*!40101 SET CHARACTER_SET_CLIENT=@OLD_CHARACTER_SET_CLIENT */;
/*!40101 SET CHARACTER_SET_RESULTS=@OLD_CHARACTER_SET_RESULTS */;
/*!40101 SET COLLATION_CONNECTION=@OLD_COLLATION_CONNECTION */;
